users,actor,method,endpoint,status,duration_ms
1,0,POST,/api/v1/auth/login,200,926.778
1,0,GET,/api/v1/scenarios,200,162.504
1,0,GET,/api/v1/plans,200,35.104
1,0,GET,/api/v1/documentation,200,25.776
1,0,POST,/api/v1/scenes,200,183.612
1,0,POST,/api/v1/plans,200,113.886
1,0,GET,/api/v1/plans/e093f379235a4fee9b35d157c50e52c2/status,200,59.016
1,0,GET,/api/v1/plans/e093f379235a4fee9b35d157c50e52c2/status,200,100.564
1,0,GET,/api/v1/plans/e093f379235a4fee9b35d157c50e52c2/status,200,70.208
1,0,GET,/api/v1/plans/e093f379235a4fee9b35d157c50e52c2/status,200,166.265
1,0,GET,/api/v1/plans/e093f379235a4fee9b35d157c50e52c2/status,200,84.072
1,0,GET,/api/v1/plans/e093f379235a4fee9b35d157c50e52c2/status,200,136.93
8,0,POST,/api/v1/auth/login,200,4157.581
8,2,POST,/api/v1/auth/login,200,3819.654
8,4,POST,/api/v1/auth/login,200,3463.998
8,1,POST,/api/v1/auth/login,200,4064.632
8,5,POST,/api/v1/auth/login,200,3365.291
8,0,GET,/api/v1/scenarios,200,384.188
8,3,POST,/api/v1/auth/login,200,3940.327
8,2,GET,/api/v1/scenarios,200,380.264
8,1,GET,/api/v1/scenarios,200,590.632
8,4,GET,/api/v1/scenarios,200,600.247
8,5,GET,/api/v1/scenarios,200,497.209
8,3,GET,/api/v1/scenarios,200,336.831
8,0,GET,/api/v1/plans,200,356.492
8,2,GET,/api/v1/plans,200,408.092
8,0,GET,/api/v1/documentation,200,130.28
8,2,GET,/api/v1/documentation,200,183.64
8,6,POST,/api/v1/auth/login,200,4125.844
8,3,GET,/api/v1/plans,200,461.268
8,5,GET,/api/v1/plans,200,480.37
8,1,GET,/api/v1/plans,200,485.135
8,4,GET,/api/v1/plans,200,488.425
8,5,GET,/api/v1/documentation,200,132.364
8,3,GET,/api/v1/documentation,200,264.322
8,1,GET,/api/v1/documentation,200,268.975
8,4,GET,/api/v1/documentation,200,277.418
8,6,GET,/api/v1/scenarios,200,506.726
8,7,POST,/api/v1/auth/login,200,4563.482
8,0,POST,/api/v1/scenes,200,1138.431
8,6,GET,/api/v1/plans,200,348.468
8,2,POST,/api/v1/scenes,200,1025.651
8,6,GET,/api/v1/documentation,200,207.104
8,3,POST,/api/v1/scenes,200,1095.799
8,7,GET,/api/v1/scenarios,200,755.608
8,5,POST,/api/v1/scenes,200,1233.96
8,1,POST,/api/v1/scenes,200,1125.742
8,0,POST,/api/v1/plans,200,855.154
8,4,POST,/api/v1/scenes,200,1542.0
8,7,GET,/api/v1/plans,200,463.716
8,0,GET,/api/v1/plans/389fdbb1e46c498898b8138a4750a7cf/status,200,356.521
8,2,POST,/api/v1/plans,200,1179.507
8,7,GET,/api/v1/documentation,200,220.026
8,3,POST,/api/v1/plans,200,820.527
8,2,GET,/api/v1/plans/6d97901bf16f4d929589aeaf17e603c4/status,200,152.468
8,6,POST,/api/v1/scenes,200,1156.408
8,3,GET,/api/v1/plans/4683e707d0ae41718e2dec68b1b702c6/status,200,109.353
8,7,POST,/api/v1/scenes,200,351.523
8,5,POST,/api/v1/plans,200,1051.778
8,1,POST,/api/v1/plans,429,1028.112
8,4,POST,/api/v1/plans,429,651.971
8,6,POST,/api/v1/plans,429,308.73
8,5,GET,/api/v1/plans/1d03c105573f44e3ac9242182a2eb42a/status,200,143.216
8,7,POST,/api/v1/plans,429,202.511
8,0,GET,/api/v1/plans/389fdbb1e46c498898b8138a4750a7cf/status,200,58.683
8,2,GET,/api/v1/plans/6d97901bf16f4d929589aeaf17e603c4/status,200,48.072
8,3,GET,/api/v1/plans/4683e707d0ae41718e2dec68b1b702c6/status,200,35.464
8,5,GET,/api/v1/plans/1d03c105573f44e3ac9242182a2eb42a/status,200,45.478
8,0,GET,/api/v1/plans/389fdbb1e46c498898b8138a4750a7cf/status,200,52.34
8,2,GET,/api/v1/plans/6d97901bf16f4d929589aeaf17e603c4/status,200,46.214
8,3,GET,/api/v1/plans/4683e707d0ae41718e2dec68b1b702c6/status,200,62.708
8,5,GET,/api/v1/plans/1d03c105573f44e3ac9242182a2eb42a/status,200,94.344
8,0,GET,/api/v1/plans/389fdbb1e46c498898b8138a4750a7cf/status,200,597.147
8,2,GET,/api/v1/plans/6d97901bf16f4d929589aeaf17e603c4/status,200,444.996
8,3,GET,/api/v1/plans/4683e707d0ae41718e2dec68b1b702c6/status,200,369.837
8,5,GET,/api/v1/plans/1d03c105573f44e3ac9242182a2eb42a/status,200,68.621
8,0,GET,/api/v1/plans/389fdbb1e46c498898b8138a4750a7cf/status,200,232.001
8,2,GET,/api/v1/plans/6d97901bf16f4d929589aeaf17e603c4/status,200,245.367
8,3,GET,/api/v1/plans/4683e707d0ae41718e2dec68b1b702c6/status,200,244.865
8,5,GET,/api/v1/plans/1d03c105573f44e3ac9242182a2eb42a/status,200,214.277
8,3,GET,/api/v1/plans/4683e707d0ae41718e2dec68b1b702c6/status,200,216.454
8,0,GET,/api/v1/plans/389fdbb1e46c498898b8138a4750a7cf/status,200,232.755
8,2,GET,/api/v1/plans/6d97901bf16f4d929589aeaf17e603c4/status,200,237.552
8,5,GET,/api/v1/plans/1d03c105573f44e3ac9242182a2eb42a/status,200,234.183
8,3,GET,/api/v1/plans/4683e707d0ae41718e2dec68b1b702c6/status,200,162.281
8,2,GET,/api/v1/plans/6d97901bf16f4d929589aeaf17e603c4/status,200,276.036
8,5,GET,/api/v1/plans/1d03c105573f44e3ac9242182a2eb42a/status,200,269.45
8,0,GET,/api/v1/plans/389fdbb1e46c498898b8138a4750a7cf/status,200,300.792
8,3,GET,/api/v1/plans/4683e707d0ae41718e2dec68b1b702c6/status,200,41.914
8,2,GET,/api/v1/plans/6d97901bf16f4d929589aeaf17e603c4/status,200,116.231
8,5,GET,/api/v1/plans/1d03c105573f44e3ac9242182a2eb42a/status,200,116.899
8,3,GET,/api/v1/plans/4683e707d0ae41718e2dec68b1b702c6/status,200,96.252
8,2,GET,/api/v1/plans/6d97901bf16f4d929589aeaf17e603c4/status,200,110.54
8,5,GET,/api/v1/plans/1d03c105573f44e3ac9242182a2eb42a/status,200,114.424
8,3,GET,/api/v1/plans/4683e707d0ae41718e2dec68b1b702c6/status,200,81.805
8,5,GET,/api/v1/plans/1d03c105573f44e3ac9242182a2eb42a/status,200,81.323
8,2,GET,/api/v1/plans/6d97901bf16f4d929589aeaf17e603c4/status,200,140.838
8,3,GET,/api/v1/plans/4683e707d0ae41718e2dec68b1b702c6/status,200,55.956
8,5,GET,/api/v1/plans/1d03c105573f44e3ac9242182a2eb42a/status,200,70.899
8,2,GET,/api/v1/plans/6d97901bf16f4d929589aeaf17e603c4/status,200,95.978
8,3,GET,/api/v1/plans/4683e707d0ae41718e2dec68b1b702c6/status,200,45.138
8,5,GET,/api/v1/plans/1d03c105573f44e3ac9242182a2eb42a/status,200,54.733
8,2,GET,/api/v1/plans/6d97901bf16f4d929589aeaf17e603c4/status,200,145.266
8,3,GET,/api/v1/plans/4683e707d0ae41718e2dec68b1b702c6/status,200,111.803
8,5,GET,/api/v1/plans/1d03c105573f44e3ac9242182a2eb42a/status,200,58.478
8,3,GET,/api/v1/plans/4683e707d0ae41718e2dec68b1b702c6/status,200,115.952
8,5,GET,/api/v1/plans/1d03c105573f44e3ac9242182a2eb42a/status,200,54.416
8,3,GET,/api/v1/plans/4683e707d0ae41718e2dec68b1b702c6/status,200,98.831
8,5,GET,/api/v1/plans/1d03c105573f44e3ac9242182a2eb42a/status,200,39.567
8,3,GET,/api/v1/plans/4683e707d0ae41718e2dec68b1b702c6/status,200,100.694
8,5,GET,/api/v1/plans/1d03c105573f44e3ac9242182a2eb42a/status,200,64.588
8,5,GET,/api/v1/plans/1d03c105573f44e3ac9242182a2eb42a/status,200,105.447
8,3,GET,/api/v1/plans/4683e707d0ae41718e2dec68b1b702c6/status,200,187.506
8,5,GET,/api/v1/plans/1d03c105573f44e3ac9242182a2eb42a/status,200,107.461
8,5,GET,/api/v1/plans/1d03c105573f44e3ac9242182a2eb42a/status,200,97.055
8,5,GET,/api/v1/plans/1d03c105573f44e3ac9242182a2eb42a/status,200,98.762
8,5,GET,/api/v1/plans/1d03c105573f44e3ac9242182a2eb42a/status,200,102.391
32,2,POST,/api/v1/auth/login,200,19061.143
32,0,POST,/api/v1/auth/login,200,19528.258
32,1,POST,/api/v1/auth/login,200,19325.355
32,4,POST,/api/v1/auth/login,200,18691.592
32,5,POST,/api/v1/auth/login,200,18584.456
32,3,POST,/api/v1/auth/login,200,18981.696
32,8,POST,/api/v1/auth/login,200,17991.872
32,7,POST,/api/v1/auth/login,200,18207.174
32,6,POST,/api/v1/auth/login,200,18425.652
32,13,POST,/api/v1/auth/login,200,17068.016
32,12,POST,/api/v1/auth/login,200,17281.203
32,11,POST,/api/v1/auth/login,200,17485.211
32,10,POST,/api/v1/auth/login,200,17681.974
32,16,POST,/api/v1/auth/login,200,16470.044
32,9,POST,/api/v1/auth/login,200,17878.809
32,18,POST,/api/v1/auth/login,200,16067.228
32,14,POST,/api/v1/auth/login,200,16891.63
32,21,POST,/api/v1/auth/login,200,15467.67
32,15,POST,/api/v1/auth/login,200,16757.511
32,17,POST,/api/v1/auth/login,200,16336.44
32,26,POST,/api/v1/auth/login,200,14511.253
32,24,POST,/api/v1/auth/login,200,14938.256
32,22,POST,/api/v1/auth/login,200,15310.201
32,20,POST,/api/v1/auth/login,200,15718.427
32,19,POST,/api/v1/auth/login,200,15941.882
32,25,POST,/api/v1/auth/login,200,14781.557
32,23,POST,/api/v1/auth/login,200,15183.835
32,27,POST,/api/v1/auth/login,200,14520.894
32,29,POST,/api/v1/auth/login,200,14277.909
32,28,POST,/api/v1/auth/login,200,14449.857
32,2,GET,/api/v1/scenarios,200,1569.693
32,0,GET,/api/v1/scenarios,200,1566.539
32,1,GET,/api/v1/scenarios,200,1684.019
32,30,POST,/api/v1/auth/login,200,15408.01
32,15,GET,/api/v1/scenarios,200,1744.67
32,5,GET,/api/v1/scenarios,200,1913.343
32,8,GET,/api/v1/scenarios,200,1903.386
32,3,GET,/api/v1/scenarios,200,2033.304
32,13,GET,/api/v1/scenarios,200,1977.087
32,7,GET,/api/v1/scenarios,200,2076.171
32,21,GET,/api/v1/scenarios,200,1986.478
32,18,GET,/api/v1/scenarios,200,2085.935
32,10,GET,/api/v1/scenarios,200,2100.347
32,31,POST,/api/v1/auth/login,200,16064.262
32,11,GET,/api/v1/scenarios,200,2582.426
32,4,GET,/api/v1/scenarios,200,2760.779
32,23,GET,/api/v1/scenarios,200,2714.142
32,29,GET,/api/v1/scenarios,200,2438.408
32,28,GET,/api/v1/scenarios,200,2446.805
32,14,GET,/api/v1/scenarios,200,2860.92
32,12,GET,/api/v1/scenarios,200,2886.295
32,25,GET,/api/v1/scenarios,200,2748.511
32,24,GET,/api/v1/scenarios,200,2798.098
32,27,GET,/api/v1/scenarios,200,2549.716
32,9,GET,/api/v1/scenarios,200,2887.678
32,26,GET,/api/v1/scenarios,200,2817.437
32,6,GET,/api/v1/scenarios,200,2957.446
32,22,GET,/api/v1/scenarios,200,2824.881
32,20,GET,/api/v1/scenarios,200,2826.208
32,19,GET,/api/v1/scenarios,200,2804.941
32,17,GET,/api/v1/scenarios,200,2858.359
32,16,GET,/api/v1/scenarios,200,2938.266
32,30,GET,/api/v1/scenarios,200,1264.336
32,0,GET,/api/v1/plans,200,1680.6
32,2,GET,/api/v1/plans,200,1688.929
32,1,GET,/api/v1/plans,200,1596.61
32,31,GET,/api/v1/scenarios,200,4120.278
32,5,GET,/api/v1/plans,200,4882.09
32,2,GET,/api/v1/documentation,200,4521.065
32,15,GET,/api/v1/plans,200,5773.875
32,3,GET,/api/v1/plans,200,5648.163
32,18,GET,/api/v1/plans,200,5510.011
32,7,GET,/api/v1/plans,200,5606.025
32,21,GET,/api/v1/plans,200,5592.654
32,0,GET,/api/v1/documentation,200,4577.4
32,10,GET,/api/v1/plans,200,5564.794
32,1,GET,/api/v1/documentation,200,4574.072
32,5,GET,/api/v1/documentation,200,971.567
32,25,GET,/api/v1/plans,200,4805.336
32,13,GET,/api/v1/plans,200,5722.586
32,23,GET,/api/v1/plans,200,4836.628
32,12,GET,/api/v1/plans,200,4829.785
32,8,GET,/api/v1/plans,200,5887.655
32,26,GET,/api/v1/plans,200,4819.161
32,14,GET,/api/v1/plans,200,4883.965
32,4,GET,/api/v1/plans,200,5180.214
32,11,GET,/api/v1/plans,200,5200.188
32,28,GET,/api/v1/plans,200,4909.869
32,29,GET,/api/v1/plans,200,4922.295
32,24,GET,/api/v1/plans,200,4900.292
32,22,GET,/api/v1/plans,200,4874.134
32,27,GET,/api/v1/plans,200,6812.303
32,20,GET,/api/v1/plans,200,6796.755
32,16,GET,/api/v1/plans,200,6781.548
32,9,GET,/api/v1/plans,200,6829.762
32,6,GET,/api/v1/plans,200,6828.755
32,19,GET,/api/v1/plans,200,6811.722
32,15,GET,/api/v1/documentation,200,2166.036
32,31,GET,/api/v1/plans,200,3069.802
32,18,GET,/api/v1/documentation,200,2184.182
32,30,GET,/api/v1/plans,200,6816.42
32,21,GET,/api/v1/documentation,200,2212.639
32,17,GET,/api/v1/plans,200,6901.069
32,7,GET,/api/v1/documentation,200,2245.118
32,3,GET,/api/v1/documentation,200,2262.255
32,25,GET,/api/v1/documentation,200,2185.733
32,10,GET,/api/v1/documentation,200,2298.944
32,13,GET,/api/v1/documentation,200,2293.425
32,26,GET,/api/v1/documentation,200,2268.747
32,12,GET,/api/v1/documentation,200,2295.069
32,8,GET,/api/v1/documentation,200,2315.897
32,23,GET,/api/v1/documentation,200,2415.251
32,4,GET,/api/v1/documentation,200,2358.735
32,14,GET,/api/v1/documentation,200,2453.318
32,28,GET,/api/v1/documentation,200,2436.716
32,29,GET,/api/v1/documentation,200,2608.225
32,11,GET,/api/v1/documentation,200,2613.954
32,22,GET,/api/v1/documentation,200,2629.28
32,24,GET,/api/v1/documentation,200,2661.007
32,16,GET,/api/v1/documentation,200,884.159
32,27,GET,/api/v1/documentation,200,910.838
32,20,GET,/api/v1/documentation,200,908.049
32,9,GET,/api/v1/documentation,200,908.743
32,6,GET,/api/v1/documentation,200,912.137
32,1,POST,/api/v1/scenes,200,2985.641
32,19,GET,/api/v1/documentation,200,923.655
32,31,GET,/api/v1/documentation,200,966.888
32,5,POST,/api/v1/scenes,200,3059.987
32,0,POST,/api/v1/scenes,200,3118.533
32,17,GET,/api/v1/documentation,200,1582.193
32,30,GET,/api/v1/documentation,200,1607.734
32,2,POST,/api/v1/scenes,200,3886.997
32,15,POST,/api/v1/scenes,200,3218.506
32,7,POST,/api/v1/scenes,200,3126.058
32,18,POST,/api/v1/scenes,200,3195.556
32,25,POST,/api/v1/scenes,200,3112.268
32,3,POST,/api/v1/scenes,200,3212.447
32,21,POST,/api/v1/scenes,200,3289.059
32,13,POST,/api/v1/scenes,200,3152.485
32,26,POST,/api/v1/scenes,200,3331.976
32,10,POST,/api/v1/scenes,200,3497.537
32,4,POST,/api/v1/scenes,200,3341.579
32,14,POST,/api/v1/scenes,200,3435.728
32,23,POST,/api/v1/scenes,200,3584.151
32,12,POST,/api/v1/scenes,200,3701.964
32,1,POST,/api/v1/plans,200,3102.373
32,29,POST,/api/v1/scenes,200,3402.276
32,8,POST,/api/v1/scenes,200,3798.536
32,22,POST,/api/v1/scenes,200,3464.041
32,28,POST,/api/v1/scenes,200,4341.558
32,11,POST,/api/v1/scenes,200,4674.623
32,24,POST,/api/v1/scenes,200,4714.567
32,20,POST,/api/v1/scenes,200,4614.654
32,5,POST,/api/v1/plans,200,5386.724
32,6,POST,/api/v1/scenes,200,5505.696
32,0,POST,/api/v1/plans,200,5419.907
32,27,POST,/api/v1/scenes,200,5565.398
32,16,POST,/api/v1/scenes,200,5647.756
32,9,POST,/api/v1/scenes,200,5788.218
32,2,POST,/api/v1/plans,200,4967.707
32,18,POST,/api/v1/plans,429,3505.445
32,1,GET,/api/v1/plans/97839ba642dd48619a59ba59ce56c692/status,200,2736.847
32,30,POST,/api/v1/scenes,200,5070.638
32,15,POST,/api/v1/plans,429,3575.043
32,19,POST,/api/v1/scenes,200,6078.042
32,17,POST,/api/v1/scenes,200,5329.376
32,31,POST,/api/v1/scenes,200,6261.248
32,7,POST,/api/v1/plans,429,5402.946
32,3,POST,/api/v1/plans,429,5468.464
32,5,GET,/api/v1/plans/9d6dd57acc77441788cef222d2132734/status,200,2420.763
32,2,GET,/api/v1/plans/f3f8c8a45b6448b195abfd67505a1b9e/status,200,2208.763
32,25,POST,/api/v1/plans,429,5928.53
32,21,POST,/api/v1/plans,429,5936.342
32,0,GET,/api/v1/plans/7280615495ad495c89bde35a582d7c61/status,200,2900.391
32,13,POST,/api/v1/plans,429,6104.067
32,1,GET,/api/v1/plans/97839ba642dd48619a59ba59ce56c692/status,200,1828.767
32,4,POST,/api/v1/plans,429,5908.585
32,26,POST,/api/v1/plans,429,6144.023
32,14,POST,/api/v1/plans,429,5867.127
32,23,POST,/api/v1/plans,429,5831.307
32,29,POST,/api/v1/plans,429,5734.087
32,10,POST,/api/v1/plans,429,6124.341
32,12,POST,/api/v1/plans,429,5897.286
32,8,POST,/api/v1/plans,429,5779.351
32,22,POST,/api/v1/plans,429,5756.989
32,28,POST,/api/v1/plans,429,5319.169
32,2,GET,/api/v1/plans/f3f8c8a45b6448b195abfd67505a1b9e/status,200,299.338
32,5,GET,/api/v1/plans/9d6dd57acc77441788cef222d2132734/status,200,353.832
32,24,POST,/api/v1/plans,429,4789.568
32,20,POST,/api/v1/plans,429,4731.086
32,11,POST,/api/v1/plans,429,4929.674
32,27,POST,/api/v1/plans,429,3860.188
32,6,POST,/api/v1/plans,429,3910.643
32,30,POST,/api/v1/plans,429,3590.874
32,19,POST,/api/v1/plans,429,3362.343
32,17,POST,/api/v1/plans,429,3428.324
32,0,GET,/api/v1/plans/7280615495ad495c89bde35a582d7c61/status,200,93.763
32,16,POST,/api/v1/plans,429,3966.923
32,31,POST,/api/v1/plans,429,3258.787
32,9,POST,/api/v1/plans,429,3859.505
32,1,GET,/api/v1/plans/97839ba642dd48619a59ba59ce56c692/status,200,64.455
32,5,GET,/api/v1/plans/9d6dd57acc77441788cef222d2132734/status,200,56.508
32,2,GET,/api/v1/plans/f3f8c8a45b6448b195abfd67505a1b9e/status,200,84.115
32,0,GET,/api/v1/plans/7280615495ad495c89bde35a582d7c61/status,200,98.583
32,1,GET,/api/v1/plans/97839ba642dd48619a59ba59ce56c692/status,200,76.734
32,5,GET,/api/v1/plans/9d6dd57acc77441788cef222d2132734/status,200,64.405
32,2,GET,/api/v1/plans/f3f8c8a45b6448b195abfd67505a1b9e/status,200,55.921
32,0,GET,/api/v1/plans/7280615495ad495c89bde35a582d7c61/status,200,48.613
32,1,GET,/api/v1/plans/97839ba642dd48619a59ba59ce56c692/status,200,191.358
32,5,GET,/api/v1/plans/9d6dd57acc77441788cef222d2132734/status,200,57.565
32,2,GET,/api/v1/plans/f3f8c8a45b6448b195abfd67505a1b9e/status,200,69.674
32,0,GET,/api/v1/plans/7280615495ad495c89bde35a582d7c61/status,200,89.983
32,1,GET,/api/v1/plans/97839ba642dd48619a59ba59ce56c692/status,200,163.86
32,5,GET,/api/v1/plans/9d6dd57acc77441788cef222d2132734/status,200,51.896
32,2,GET,/api/v1/plans/f3f8c8a45b6448b195abfd67505a1b9e/status,200,61.057
32,0,GET,/api/v1/plans/7280615495ad495c89bde35a582d7c61/status,200,50.327
32,5,GET,/api/v1/plans/9d6dd57acc77441788cef222d2132734/status,200,73.166
32,2,GET,/api/v1/plans/f3f8c8a45b6448b195abfd67505a1b9e/status,200,68.246
32,0,GET,/api/v1/plans/7280615495ad495c89bde35a582d7c61/status,200,46.2
32,5,GET,/api/v1/plans/9d6dd57acc77441788cef222d2132734/status,200,166.843
32,2,GET,/api/v1/plans/f3f8c8a45b6448b195abfd67505a1b9e/status,200,131.03
32,0,GET,/api/v1/plans/7280615495ad495c89bde35a582d7c61/status,200,47.119
32,5,GET,/api/v1/plans/9d6dd57acc77441788cef222d2132734/status,200,135.409
32,2,GET,/api/v1/plans/f3f8c8a45b6448b195abfd67505a1b9e/status,200,153.664
32,0,GET,/api/v1/plans/7280615495ad495c89bde35a582d7c61/status,200,46.293
32,2,GET,/api/v1/plans/f3f8c8a45b6448b195abfd67505a1b9e/status,200,105.826
32,0,GET,/api/v1/plans/7280615495ad495c89bde35a582d7c61/status,200,158.252
32,5,GET,/api/v1/plans/9d6dd57acc77441788cef222d2132734/status,200,205.291
32,2,GET,/api/v1/plans/f3f8c8a45b6448b195abfd67505a1b9e/status,200,216.444
32,0,GET,/api/v1/plans/7280615495ad495c89bde35a582d7c61/status,200,144.88
32,2,GET,/api/v1/plans/f3f8c8a45b6448b195abfd67505a1b9e/status,200,171.31
32,0,GET,/api/v1/plans/7280615495ad495c89bde35a582d7c61/status,200,226.444
32,2,GET,/api/v1/plans/f3f8c8a45b6448b195abfd67505a1b9e/status,200,66.304
32,0,GET,/api/v1/plans/7280615495ad495c89bde35a582d7c61/status,200,195.637
32,2,GET,/api/v1/plans/f3f8c8a45b6448b195abfd67505a1b9e/status,200,92.006
32,0,GET,/api/v1/plans/7280615495ad495c89bde35a582d7c61/status,200,120.123
32,2,GET,/api/v1/plans/f3f8c8a45b6448b195abfd67505a1b9e/status,200,55.294
32,2,GET,/api/v1/plans/f3f8c8a45b6448b195abfd67505a1b9e/status,200,66.309
32,2,GET,/api/v1/plans/f3f8c8a45b6448b195abfd67505a1b9e/status,200,149.246
32,2,GET,/api/v1/plans/f3f8c8a45b6448b195abfd67505a1b9e/status,200,475.571
32,2,GET,/api/v1/plans/f3f8c8a45b6448b195abfd67505a1b9e/status,200,129.543
