algorithm,checks_passed,conflict_count,conflicts_after,conflicts_before,coverage_fraction,input_sha256,iterations,length_m,makespan_s,objective,runtime_s,scenario,seed_or_angle,sortie_count,status,total_distance_m,total_flight_s,unassigned_count,used_uav_count
h1.sweep,,,,,1.0,,,1200.0,,,0.00600492802914232,rectangle,0,,,,,,
h1.sweep,,,,,0.9817447318185288,,,1000.0,,,0.007761409040540457,rectangle,30,,,,,,
h1.sweep,,,,,1.0,,,1100.0,,,0.007271530921570957,rectangle,90,,,,,,
h1.sweep,,,,,1.0,,,2280.0,,,0.023668576031923294,hole,0,,,,,,
h1.sweep,,,,,0.9877219759568711,,,1920.0,,,0.0225870719878003,hole,30,,,,,,
h1.sweep,,,,,1.0,,,2440.0,,,0.018892136053182185,hole,90,,,,,,
h1.sweep,,,,,1.0,,,200.0,,,0.001625586999580264,narrow,0,,,,,,
h1.sweep,,,,,0.7857159932648511,,,80.00000000000001,,,0.008736283052712679,narrow,30,,,,,,
h1.sweep,,,,,1.0,,,88.0,,,0.01988934597466141,narrow,90,,,,,,
h2.departure_shifts,,,0,1,,,,,,,0.00039783294778317213,crossing,,,,,,,
h2.search,True,0,,,,bc6c45807c521f159de04068526eb68994da04ddf0ad493ffda28cb51df018be,0,,6109.512785710071,makespan,1.0159723879769444,S00_smoke_rgb,17,1,FEASIBLE,77794.4696072381,6109.512785710071,0,1
h2.search,True,0,,,,bc6c45807c521f159de04068526eb68994da04ddf0ad493ffda28cb51df018be,10,,6109.512785710071,makespan,0.1319308109814301,S00_smoke_rgb,29,1,FEASIBLE,77794.4696072381,6109.512785710071,0,1
h2.search,True,0,,,,bc6c45807c521f159de04068526eb68994da04ddf0ad493ffda28cb51df018be,10,,6109.512785710071,makespan,0.047931012930348516,S00_smoke_rgb,43,1,FEASIBLE,77794.4696072381,6109.512785710071,0,1
h2.search,True,0,,,,89adf30e3aada71999a84d4d35f7b65bc9658d1c73b368c74e58dc4daccc3e00,0,,18503.16082014836,total_flight,0.5948435249738395,S02_multipolygon_holes,17,1,FEASIBLE,342373.0501358155,18503.16082014836,0,1
h2.search,True,0,,,,89adf30e3aada71999a84d4d35f7b65bc9658d1c73b368c74e58dc4daccc3e00,0,,18503.16082014836,total_flight,0.5944431310053915,S02_multipolygon_holes,29,1,FEASIBLE,342373.0501358155,18503.16082014836,0,1
h2.search,True,0,,,,89adf30e3aada71999a84d4d35f7b65bc9658d1c73b368c74e58dc4daccc3e00,0,,18503.16082014836,total_flight,0.8309419750003144,S02_multipolygon_holes,43,1,FEASIBLE,342373.0501358155,18503.16082014836,0,1
h2.search,True,0,,,,0400ded2ea0fe5d22b8b528d3ab51e6d6f898499dc7551442be4df1f3aaae3d4,10,,11998.840964286443,makespan,0.33395934000145644,S05_4d_deconfliction,17,3,FEASIBLE,242312.40531353044,15039.015747462247,0,2
h2.search,True,0,,,,0400ded2ea0fe5d22b8b528d3ab51e6d6f898499dc7551442be4df1f3aaae3d4,10,,11998.840964286443,makespan,0.32698635198175907,S05_4d_deconfliction,29,3,FEASIBLE,242312.40531353044,15039.015747462247,0,2
h2.search,True,0,,,,0400ded2ea0fe5d22b8b528d3ab51e6d6f898499dc7551442be4df1f3aaae3d4,10,,11967.9838214293,makespan,0.3783301820512861,S05_4d_deconfliction,43,3,FEASIBLE,241842.21170849708,15026.058895285405,0,2
