algorithm_id,test_file,test_case,outcome,duration_s,source_sha256
h3.gate,tests/safety/test_h3_gate.py,test_certificate_is_bound_to_all_inputs_and_result,passed,0.101,37b382443da91fc4c8b58616b17bcb846b98cd8d5695e3b12060d959ab71b038
h3.gate,tests/safety/test_h3_gate.py,test_false_metrics_and_stale_infeasible_are_unsafe,passed,0.098,37b382443da91fc4c8b58616b17bcb846b98cd8d5695e3b12060d959ab71b038
h3.gate,tests/safety/test_h3_gate.py,test_wind_proof_has_no_executable_certificate,passed,0.075,37b382443da91fc4c8b58616b17bcb846b98cd8d5695e3b12060d959ab71b038
h3.gate,tests/safety/test_h3_gate.py,test_malformed_and_timeout_never_receive_certificate,passed,0.121,37b382443da91fc4c8b58616b17bcb846b98cd8d5695e3b12060d959ab71b038
h3.gate,tests/safety/test_h3_gate.py,test_invalid_projection_returns_closed_verdict,passed,0.093,37b382443da91fc4c8b58616b17bcb846b98cd8d5695e3b12060d959ab71b038
h3.gate,tests/safety/test_h3_gate.py,test_dataset_fractional_tolerance_does_not_allow_partial_service_mission,passed,0.076,37b382443da91fc4c8b58616b17bcb846b98cd8d5695e3b12060d959ab71b038
h3.gate,tests/safety/test_h3_gate.py,test_unverified_recommendation_is_not_offered,passed,0.161,37b382443da91fc4c8b58616b17bcb846b98cd8d5695e3b12060d959ab71b038
h3.gate,tests/safety/test_h3_gate.py,test_absent_counters_do_not_pass_safety_assertions,passed,0.001,37b382443da91fc4c8b58616b17bcb846b98cd8d5695e3b12060d959ab71b038
h3.gate,tests/safety/test_h3_gate.py,test_input_mutation_during_validation_invalidates_certificate,passed,0.035,37b382443da91fc4c8b58616b17bcb846b98cd8d5695e3b12060d959ab71b038
h3.gate,tests/safety/test_h3_gate.py,test_aircraft_cannot_teleport_between_different_sites,passed,0.039,37b382443da91fc4c8b58616b17bcb846b98cd8d5695e3b12060d959ab71b038
h3.gate,tests/safety/test_h3_gate.py,test_allowed_airspace_hole_is_checked_between_waypoints,passed,0.038,37b382443da91fc4c8b58616b17bcb846b98cd8d5695e3b12060d959ab71b038
h3.gate,tests/safety/test_h3_gate.py,test_reserve_and_remaining_claim_protect_landing_suffix,passed,0.071,37b382443da91fc4c8b58616b17bcb846b98cd8d5695e3b12060d959ab71b038
h3.gate,tests/safety/test_h3_gate.py,test_fixed_wing_buffer_checks_a_zone_the_route_does_not_enter,passed,0.038,37b382443da91fc4c8b58616b17bcb846b98cd8d5695e3b12060d959ab71b038
h3.gate,tests/safety/test_h3_gate.py,test_used_aircraft_payload_compatibility_is_rechecked,passed,0.033,37b382443da91fc4c8b58616b17bcb846b98cd8d5695e3b12060d959ab71b038
h3.gate,tests/safety/test_h3_gate.py,test_actual_altitude_checks_gsd_and_minimum_clearance[110-GSD_LIMIT],passed,0.036,37b382443da91fc4c8b58616b17bcb846b98cd8d5695e3b12060d959ab71b038
h3.gate,tests/safety/test_h3_gate.py,test_actual_altitude_checks_gsd_and_minimum_clearance[20-MIN_AGL],passed,0.034,37b382443da91fc4c8b58616b17bcb846b98cd8d5695e3b12060d959ab71b038
h3.gate,tests/safety/test_h3_gate.py,test_daylight_window_and_ground_endpoint_are_checked,passed,0.034,37b382443da91fc4c8b58616b17bcb846b98cd8d5695e3b12060d959ab71b038
h3.gate,tests/safety/test_h3_gate.py,test_legacy_adapter_checks_in_memory_variant_not_source_directory,passed,0.381,37b382443da91fc4c8b58616b17bcb846b98cd8d5695e3b12060d959ab71b038
h3.gate,tests/safety/test_h3_proposals.py,test_candidate_base_first_and_no_implicit_safety_claim,passed,0.020,37b382443da91fc4c8b58616b17bcb846b98cd8d5695e3b12060d959ab71b038
h3.gate,tests/safety/test_h3_proposals.py,test_reserve_and_forbidden_sites_never_become_routine_bases,passed,0.017,37b382443da91fc4c8b58616b17bcb846b98cd8d5695e3b12060d959ab71b038
h3.gate,tests/safety/test_h3_proposals.py,test_equipment_proposals_preserve_reserve_and_catalog_provenance,passed,0.014,37b382443da91fc4c8b58616b17bcb846b98cd8d5695e3b12060d959ab71b038
h3.gate,tests/safety/test_h3_proposals.py,test_no_addition_above_ten_aircraft,passed,0.016,37b382443da91fc4c8b58616b17bcb846b98cd8d5695e3b12060d959ab71b038
h3.gate,tests/safety/test_h3_proposals.py,test_time_alternative_stays_inside_original_window,passed,0.015,37b382443da91fc4c8b58616b17bcb846b98cd8d5695e3b12060d959ab71b038
h3.gate,tests/safety/test_h3_proposals.py,test_bounded_deterministic_and_no_weakening_documents,passed,0.043,37b382443da91fc4c8b58616b17bcb846b98cd8d5695e3b12060d959ab71b038
h3.gate,tests/safety/test_h3_proposals.py,test_public_adapter_reads_only_current_input,passed,0.026,37b382443da91fc4c8b58616b17bcb846b98cd8d5695e3b12060d959ab71b038
