uav_id,t_s,x_m,y_m,z_m
UAV_A,0,-600,0,120
UAV_B,0,0,-600,220
UAV_A,2,-580,0,120
UAV_B,2,0,-580,220
UAV_A,4,-560,0,120
UAV_B,4,0,-560,220
UAV_A,6,-540,0,120
UAV_B,6,0,-540,220
UAV_A,8,-520,0,120
UAV_B,8,0,-520,220
UAV_A,10,-500,0,120
UAV_B,10,0,-500,220
UAV_A,12,-480,0,120
UAV_B,12,0,-480,220
UAV_A,14,-460,0,120
UAV_B,14,0,-460,220
UAV_A,16,-440,0,120
UAV_B,16,0,-440,220
UAV_A,18,-420,0,120
UAV_B,18,0,-420,220
UAV_A,20,-400,0,120
UAV_B,20,0,-400,220
UAV_A,22,-380,0,120
UAV_B,22,0,-380,220
UAV_A,24,-360,0,120
UAV_B,24,0,-360,220
UAV_A,26,-340,0,120
UAV_B,26,0,-340,220
UAV_A,28,-320,0,120
UAV_B,28,0,-320,220
UAV_A,30,-300,0,120
UAV_B,30,0,-300,220
UAV_A,32,-280,0,120
UAV_B,32,0,-280,220
UAV_A,34,-260,0,120
UAV_B,34,0,-260,220
UAV_A,36,-240,0,120
UAV_B,36,0,-240,220
UAV_A,38,-220,0,120
UAV_B,38,0,-220,220
UAV_A,40,-200,0,120
UAV_B,40,0,-200,220
UAV_A,42,-180,0,120
UAV_B,42,0,-180,220
UAV_A,44,-160,0,120
UAV_B,44,0,-160,220
UAV_A,46,-140,0,120
UAV_B,46,0,-140,220
UAV_A,48,-120,0,120
UAV_B,48,0,-120,220
UAV_A,50,-100,0,120
UAV_B,50,0,-100,220
UAV_A,52,-80,0,120
UAV_B,52,0,-80,220
UAV_A,54,-60,0,120
UAV_B,54,0,-60,220
UAV_A,56,-40,0,120
UAV_B,56,0,-40,220
UAV_A,58,-20,0,120
UAV_B,58,0,-20,220
UAV_A,60,0,0,120
UAV_B,60,0,0,220
UAV_A,62,20,0,120
UAV_B,62,0,20,220
UAV_A,64,40,0,120
UAV_B,64,0,40,220
UAV_A,66,60,0,120
UAV_B,66,0,60,220
UAV_A,68,80,0,120
UAV_B,68,0,80,220
UAV_A,70,100,0,120
UAV_B,70,0,100,220
UAV_A,72,120,0,120
UAV_B,72,0,120,220
UAV_A,74,140,0,120
UAV_B,74,0,140,220
UAV_A,76,160,0,120
UAV_B,76,0,160,220
UAV_A,78,180,0,120
UAV_B,78,0,180,220
UAV_A,80,200,0,120
UAV_B,80,0,200,220
UAV_A,82,220,0,120
UAV_B,82,0,220,220
UAV_A,84,240,0,120
UAV_B,84,0,240,220
UAV_A,86,260,0,120
UAV_B,86,0,260,220
UAV_A,88,280,0,120
UAV_B,88,0,280,220
UAV_A,90,300,0,120
UAV_B,90,0,300,220
UAV_A,92,320,0,120
UAV_B,92,0,320,220
UAV_A,94,340,0,120
UAV_B,94,0,340,220
UAV_A,96,360,0,120
UAV_B,96,0,360,220
UAV_A,98,380,0,120
UAV_B,98,0,380,220
UAV_A,100,400,0,120
UAV_B,100,0,400,220
UAV_A,102,420,0,120
UAV_B,102,0,420,220
UAV_A,104,440,0,120
UAV_B,104,0,440,220
UAV_A,106,460,0,120
UAV_B,106,0,460,220
UAV_A,108,480,0,120
UAV_B,108,0,480,220
UAV_A,110,500,0,120
UAV_B,110,0,500,220
UAV_A,112,520,0,120
UAV_B,112,0,520,220
UAV_A,114,540,0,120
UAV_B,114,0,540,220
UAV_A,116,560,0,120
UAV_B,116,0,560,220
UAV_A,118,580,0,120
UAV_B,118,0,580,220
UAV_A,120,600,0,120
UAV_B,120,0,600,220
